<?xml version="1.0" encoding="utf-8"?>
<!DOCTYPE hibernate-configuration PUBLIC "-//Hibernate/Hibernate Configuration DTD 3.0//EN"
        "http://www.hibernate.org/dtd/hibernate-configuration-3.0.dtd">
<hibernate-configuration>
    <session-factory name="majekwms">

        <!-- credentials -->
        <property name="hibernate.connection.driver_class">com.mysql.jdbc.Driver</property>
        <property name="hibernate.connection.password">BrEXhNakpFwn</property>
        <property name="hibernate.connection.username">adminBZqyXAd</property>
        <property name="hibernate.connection.url">jdbc:mysql://127.2.237.1:3306/majekwms</property>
        <property name="hibernate.default_catalog">majekwms</property>

        <!-- dialect -->
        <property name="hibernate.dialect">org.hibernate.dialect.MySQL5InnoDBDialect</property>

        <!-- connection pool -->
        <property name="hibernate.c3p0.min_size">1</property>
        <property name="hibernate.c3p0.max_size">10</property>
        <property name="hibernate.c3p0.max_statement">0</property>
        <property name="hibernate.c3p0.acquire_increment">1</property>
        <property name="hibernate.c3p0.idle_test_period">300</property>
        <property name="hibernate.c3p0.timeout">5000</property>
        <property name="hibernate.connection.provider_class">
            org.hibernate.service.jdbc.connections.internal.C3P0ConnectionProvider
        </property>

        <!-- automatic session context management-->
        <property name="hibernate.current_session_context_class">thread</property>

        <!-- caching -->
        <property name="hibernate.cache.region.factory_class">org.hibernate.cache.ehcache.EhCacheRegionFactory
        </property>

        <!-- sql outputs -->
        <!--<property name="show_sql">true</property>-->
        <!--<property name="format_sql">true</property>-->

        <!-- queries management -->
        <property name="hibernate.order_inserts">true</property>
        <property name="hibernate.order_updates">true</property>
        <property name="hibernate.connection.autocommit">true</property>
        <property name="transaction.flush_before_completion">true</property>
        <property name="hibernate.hbm2ddl.auto">update</property>

        <property name="hibernate.connection.useUnicode">true</property>
        <property name="hibernate.connection.characterEncoding">UTF-8</property>

        <!-- basic -->
        <mapping class="org.kornicameister.wms.model.hibernate.BasicPersistentObject"/>
        <mapping class="org.kornicameister.wms.model.hibernate.PersistenceObject"/>
        <mapping class="org.kornicameister.wms.model.hibernate.NamedPersistenceObject"/>

        <mapping class="org.kornicameister.wms.model.hibernate.Company"/>

        <!-- client -->
        <mapping class="org.kornicameister.wms.model.hibernate.City"/>
        <mapping class="org.kornicameister.wms.model.hibernate.Address"/>
        <mapping class="org.kornicameister.wms.model.hibernate.ClientDetails"/>
        <mapping class="org.kornicameister.wms.model.hibernate.ClientType"/>
        <mapping class="org.kornicameister.wms.model.hibernate.Client"/>

        <!-- invoice -->
        <mapping class="org.kornicameister.wms.model.hibernate.Invoice"/>
        <mapping class="org.kornicameister.wms.model.hibernate.InvoiceProduct"/>
        <mapping class="org.kornicameister.wms.model.hibernate.embeddable.InvoiceProductPK"/>
        <mapping class="org.kornicameister.wms.model.hibernate.InvoiceType"/>

        <!-- product -->
        <mapping class="org.kornicameister.wms.model.hibernate.Product"/>
        <mapping class="org.kornicameister.wms.model.hibernate.Measure"/>

        <!-- unit -->
        <mapping class="org.kornicameister.wms.model.hibernate.Unit"/>
        <mapping class="org.kornicameister.wms.model.hibernate.UnitType"/>
        <mapping class="org.kornicameister.wms.model.hibernate.embeddable.UnitProductPK"/>
        <mapping class="org.kornicameister.wms.model.hibernate.UnitProduct"/>
        <mapping class="org.kornicameister.wms.model.hibernate.UnitSprite"/>

        <mapping class="org.kornicameister.wms.model.hibernate.Warehouse"/>
        <mapping class="org.kornicameister.wms.model.hibernate.User"/>
    </session-factory>
</hibernate-configuration>
